group,users,shown,clicks,conversions,total_revenue,ctr,conversion_rate,avg_transaction_amount
A,601,601,246,124,211379,0.40931780366056575,0.20632279534109818,1704.6693548387098
B,599,599,234,176,287660,0.39065108514190316,0.2938230383973289,1634.4318181818182
